iter	MAE
0	0.4519448249
1	0.4356366751
2	0.4195362216
3	0.404364705
4	0.389759202
5	0.3755351491
6	0.3628289697
7	0.3511413492
8	0.3403609765
9	0.3297684
10	0.3196863646
11	0.3098075315
12	0.3005907938
13	0.2923552542
14	0.2847615473
15	0.2778832975
16	0.2707420824
17	0.2643467355
18	0.2579895557
19	0.2522015879
20	0.2469434884
21	0.2421752342
22	0.2371864609
23	0.2328400483
24	0.2286136246
25	0.2249532587
26	0.2214563067
27	0.2180744033
28	0.2149475055
29	0.21180032
30	0.2088195095
31	0.2059570828
32	0.2034350031
33	0.2014101572
34	0.1991599709
35	0.1970936705
36	0.1951005463
37	0.1933247321
38	0.1916717009
39	0.1901423219
40	0.1886435667
41	0.1873317604
42	0.1861107324
43	0.1848611644
44	0.1837482377
45	0.1825429048
46	0.181510143
47	0.1805592569
48	0.1795306699
49	0.1786451841
50	0.17780317
51	0.1770025275
52	0.1762794293
53	0.1755088895
54	0.1747687248
55	0.1742419894
56	0.173594618
57	0.1730100058
58	0.1725049263
59	0.1718916264
60	0.1713396611
61	0.1706616083
62	0.1702889058
63	0.1698069903
64	0.1693680175
65	0.1689300709
66	0.168433402
67	0.168001234
68	0.167528065
69	0.1671597655
70	0.1668050515
71	0.1664280267
72	0.1661060059
73	0.1655936398
74	0.1653023702
75	0.1650706195
76	0.1647077211
77	0.1644790752
78	0.1641846643
79	0.1639499141
80	0.1637286385
81	0.1634516941
82	0.163203584
83	0.1628404472
84	0.1626447291
85	0.1623400492
86	0.1621785197
87	0.1618709298
88	0.1616050632
89	0.1613808494
90	0.1611284082
91	0.1608283552
92	0.1606297232
93	0.160446326
94	0.1603174922
95	0.1601159936
96	0.1599222981
97	0.1597628701
98	0.1594282625
99	0.1592682008
100	0.1591108346
101	0.1589931034
102	0.158855433
103	0.1585988745
104	0.1584210472
105	0.1582957828
106	0.1581375523
107	0.1579971936
108	0.1578766229
109	0.1577504689
110	0.1575984267
111	0.1574680731
112	0.1573120636
113	0.1571593073
114	0.1570120997
115	0.1568934926
116	0.1567602831
117	0.1566648975
118	0.1565687987
119	0.1564257774
120	0.1562130837
121	0.1559738376
122	0.1556054047
123	0.1554677057
124	0.1553725666
125	0.1553022196
126	0.1551809802
127	0.1550604284
128	0.1549544692
129	0.1547982054
130	0.1546485442
131	0.1545046602
132	0.1543092374
133	0.1542083208
134	0.1541244845
135	0.1540593163
136	0.1539307667
137	0.1538014584
138	0.1536983071
139	0.1536066655
140	0.1535158704
141	0.1534157619
142	0.1532963154
143	0.1532111656
144	0.1530009197
145	0.1528683595
146	0.1527648261
147	0.152645843
148	0.1525777623
149	0.1524752581
150	0.1524102105
151	0.1523274812
152	0.152232442
153	0.1521527674
154	0.1520465793
155	0.1519643453
156	0.1518855677
157	0.1517861989
158	0.1517126463
159	0.1516487176
160	0.1515562309
161	0.1514780217
162	0.1513862133
163	0.151308814
164	0.1512007552
165	0.1511421334
166	0.1510270597
167	0.150972658
168	0.1508564525
169	0.1507856847
170	0.1507069281
171	0.1506408112
172	0.1505998311
173	0.150537295
174	0.1504471588
175	0.1503677251
176	0.1502828051
177	0.1501887333
178	0.1500850067
179	0.1500310831
180	0.1499476438
181	0.1498753188
182	0.1498199826
183	0.1497387562
184	0.1496775853
185	0.1496134497
186	0.1495630609
187	0.1494812511
188	0.1494038269
189	0.1493280442
190	0.1492387345
191	0.1491468755
192	0.1490674064
193	0.1489999197
194	0.1489474279
195	0.1488678005
196	0.148774295
197	0.1487285162
198	0.1486704781
199	0.1486107815
200	0.1485480708
201	0.148467756
202	0.1483449566
203	0.1482863936
204	0.1481890068
205	0.1481287767
206	0.148057152
207	0.1480029082
208	0.1479252229
209	0.1478756641
210	0.1478089598
211	0.1476707001
212	0.1476205193
213	0.147529436
214	0.1474422328
215	0.1473466609
216	0.1472922359
217	0.1472475591
218	0.1471625028
219	0.146816507
220	0.1467010011
221	0.1466473827
222	0.1465918377
223	0.1462699335
224	0.146197328
225	0.1461364754
226	0.1460248123
227	0.1457891129
228	0.1457334651
229	0.1456479082
230	0.1455304856
231	0.1453806691
232	0.1453028181
233	0.1452130689
234	0.1451550525
235	0.1450858752
236	0.1450223983
237	0.1448153865
238	0.1447578642
239	0.1446445945
240	0.1445775737
241	0.1445365524
242	0.1444691371
243	0.1444283614
244	0.144369499
245	0.1442874013
246	0.1442388107
247	0.1441907209
248	0.1441167357
249	0.1440083279
250	0.1439612731
251	0.1439046052
252	0.1438472411
253	0.1437972897
254	0.1435963632
255	0.1435320432
256	0.1434662819
257	0.1433917125
258	0.1433070535
259	0.1432455355
260	0.1432016793
261	0.1430291374
262	0.1429316437
263	0.14287062
264	0.1428077053
265	0.1426936027
266	0.1426201304
267	0.142456622
268	0.1423382272
269	0.1422764163
270	0.1421671116
271	0.1421055351
272	0.1420307022
273	0.1419926421
274	0.1419321306
275	0.1418680104
276	0.1418034834
277	0.1417527295
278	0.1416909055
279	0.1416161177
280	0.1414740916
281	0.1414176542
282	0.1413405065
283	0.14128237
284	0.1411547739
285	0.141049725
286	0.1409844253
287	0.1408449063
288	0.140772729
289	0.140705276
290	0.1406687455
291	0.1405900205
292	0.1405194081
293	0.1404571265
294	0.1404096411
295	0.1403671056
296	0.1402998409
297	0.1402331709
298	0.1401715703
299	0.1400961079
300	0.1400106115
301	0.1399279914
302	0.139862659
303	0.1397964188
304	0.1397313822
305	0.1396481606
306	0.1395880879
307	0.1395423348
308	0.1394900474
309	0.1394323332
310	0.1393295428
311	0.1392661086
312	0.1392106626
313	0.1390818243
314	0.1389642429
315	0.1388835818
316	0.1387746429
317	0.1387125153
318	0.1385834995
319	0.1385149261
320	0.1384701596
321	0.1384141606
322	0.1383653861
323	0.1383146491
324	0.1382412595
325	0.1381330955
326	0.1380720098
327	0.1380085812
328	0.1379588518
329	0.137870757
330	0.1378176892
331	0.137765894
332	0.1377040386
333	0.1376410324
334	0.1376029682
335	0.1375585576
336	0.1374882152
337	0.1374195491
338	0.1373489406
339	0.1373125455
340	0.1372606434
341	0.1372310208
342	0.137178422
343	0.1371375147
344	0.1370617225
345	0.1370194174
346	0.1369450652
347	0.1369001725
348	0.1368505529
349	0.1368023865
350	0.1367410862
351	0.1367042882
352	0.1366838127
353	0.1366467097
354	0.1366058895
355	0.1365503
356	0.1364911288
357	0.136453221
358	0.136402725
359	0.1363673093
360	0.1362919891
361	0.1362406265
362	0.1361855198
363	0.1361431846
364	0.1360826977
365	0.136032633
366	0.1359896624
367	0.1359503808
368	0.1359104264
369	0.1358193432
370	0.1357511117
371	0.1357248841
372	0.1356896819
373	0.1356568623
374	0.1356305463
375	0.1355795682
376	0.1354812077
377	0.1354263321
378	0.1353880335
379	0.1353313741
380	0.1352515578
381	0.1351907288
382	0.1351096615
383	0.1350718569
384	0.1350326114
385	0.1349974771
386	0.1349422241
387	0.1348620033
388	0.1347760728
389	0.1347356199
390	0.1346989729
391	0.1346486889
392	0.1346073027
393	0.1345669751
394	0.1345335361
395	0.1345039292
396	0.1344794359
397	0.1344472407
398	0.1343454418
399	0.1342940728
400	0.1342472301
401	0.1342242498
402	0.134182732
403	0.1341512056
404	0.134117788
405	0.1340715067
406	0.1340085736
407	0.1339719639
408	0.1339346679
409	0.133893847
410	0.133849291
411	0.1338008764
412	0.1337610312
413	0.1337257413
414	0.1336871067
415	0.1336548683
416	0.1336107362
417	0.1335688687
418	0.1335375335
419	0.1334619122
420	0.1334218139
421	0.1333706109
422	0.1333127084
423	0.1332708715
424	0.1332448103
425	0.1332157078
426	0.1331812764
427	0.1331557465
428	0.133108841
429	0.1330777654
430	0.1330211883
431	0.1330029654
432	0.1329659039
433	0.1329021825
434	0.1328697307
435	0.1328441198
436	0.1328215026
437	0.1327883586
438	0.1327281839
439	0.1326814685
440	0.1326505311
441	0.1326129504
442	0.1325722062
443	0.1325240346
444	0.1324901139
445	0.1324588378
446	0.1324233184
447	0.1323869267
448	0.1323601378
449	0.13231989
450	0.1322875081
451	0.1322555353
452	0.1322077305
453	0.1321527929
454	0.132102854
455	0.1320705007
456	0.1320116206
457	0.1319883449
458	0.1319438765
459	0.1319114136
460	0.1318783956
461	0.1318429684
462	0.1318189702
463	0.1317985383
464	0.1317318167
465	0.131684437
466	0.1316530549
467	0.1315722875
468	0.1315465245
469	0.1314715059
470	0.1314324612
471	0.1314060978
472	0.1313627468
473	0.1312872406
474	0.1312444735
475	0.131199964
476	0.1311653569
477	0.1311336448
478	0.131078607
479	0.131048914
480	0.1310186746
481	0.1309961787
482	0.1308993864
483	0.1308692501
484	0.1308421955
485	0.1307598122
486	0.1307251624
487	0.1306956653
488	0.1306168605
489	0.1305922355
490	0.1305673943
491	0.1305526381
492	0.1305247707
493	0.1304127798
494	0.1303864367
495	0.1303578569
496	0.1303262391
497	0.1302936176
498	0.1302668409
499	0.1302194299
500	0.1301987796
501	0.1301540641
502	0.1301210873
503	0.1300785772
504	0.1300377104
505	0.1300157919
506	0.1299638204
507	0.129942398
508	0.1299173921
509	0.1298849816
510	0.1298332597
511	0.1297906236
512	0.1297692072
513	0.1297106344
514	0.1296752632
515	0.1296370406
516	0.1296006614
517	0.1295774706
518	0.1295529077
519	0.1295351835
520	0.1294794329
521	0.1294433126
522	0.1294176126
523	0.1293887822
524	0.1293318643
525	0.1292982016
526	0.1292749591
527	0.1292402724
528	0.1292157809
529	0.1291473058
530	0.1291127528
531	0.1290581883
532	0.1290345258
533	0.1290018591
534	0.1289766798
535	0.128956808
536	0.1288973466
537	0.1288750344
538	0.1288423144
539	0.1288262892
540	0.1287866153
541	0.1287634238
542	0.1287296989
543	0.1287018832
544	0.1286711594
545	0.1286395038
546	0.1286004137
547	0.1285815667
548	0.1285542602
549	0.1285315079
550	0.1284952879
551	0.1284620261
552	0.1284366275
553	0.1283986034
554	0.1283614454
555	0.128338182
556	0.1283055739
557	0.1282720872
558	0.1282194033
559	0.1281611341
560	0.1281389388
561	0.1280027229
562	0.1279681572
563	0.1278845668
564	0.1277771397
565	0.1277402531
566	0.1276778716
567	0.1276235354
568	0.1275985033
569	0.1275381983
570	0.127519272
571	0.127471783
572	0.1274470062
573	0.1274099832
574	0.1273781754
575	0.1273388359
576	0.127300397
577	0.1272358436
578	0.1271910415
579	0.1271692127
580	0.127139564
581	0.1271119353
582	0.1270572454
583	0.1270375654
584	0.1270006455
585	0.1269484282
586	0.1269003802
587	0.1268743125
588	0.1268050144
589	0.1267755046
590	0.1267411333
591	0.126707156
592	0.1266446754
593	0.1266196055
594	0.1265818674
595	0.1265531345
596	0.1264658078
597	0.1264510507
598	0.1264232825
599	0.1262942451
600	0.1262449246
601	0.1262277693
602	0.1262048774
603	0.1261401106
604	0.1260945871
605	0.1260657593
606	0.1260370309
607	0.1260143012
608	0.1259905231
609	0.1259569152
610	0.1259255924
611	0.1259002482
612	0.1258787777
613	0.1258092418
614	0.1257567775
615	0.1256563712
616	0.125629995
617	0.1255976659
618	0.1255047184
619	0.1254901872
620	0.1254673853
621	0.1254347437
622	0.1254097254
623	0.1253869666
624	0.1253699599
625	0.1253459366
626	0.1253162755
627	0.1253044273
628	0.1252454112
629	0.1252163162
630	0.1251973409
631	0.1251506108
632	0.1250644294
633	0.1250454215
634	0.1250144757
635	0.1249958822
636	0.1249513515
637	0.1249142617
638	0.1248654855
639	0.1248303608
640	0.1248058206
641	0.1247743375
642	0.1247387397
643	0.124702933
644	0.1246813626
645	0.1246617591
646	0.1246386885
647	0.1246150738
648	0.1245904156
649	0.1245694562
650	0.1245426163
651	0.1244889264
652	0.1244624208
653	0.1244408708
654	0.1244180169
655	0.1243984164
656	0.124371
657	0.1243520882
658	0.1243386328
659	0.1243176123
660	0.1242592983
661	0.124242513
662	0.1242188575
663	0.1241756488
664	0.1241517959
665	0.1241286419
666	0.1241100573
667	0.124074976
668	0.1240584562
669	0.1240285303
670	0.1240049125
671	0.1239832545
672	0.1239395407
673	0.1238929595
674	0.1238671835
675	0.1238399019
676	0.1237974993
677	0.1237678739
678	0.1237551186
679	0.1237331188
680	0.1237009881
681	0.1236772907
682	0.1236563395
683	0.1236301527
684	0.1236140705
685	0.1235711075
686	0.1235427029
687	0.1235262856
688	0.123419509
689	0.1234016152
690	0.123378042
691	0.1233447284
692	0.1233057188
693	0.1232877935
694	0.1232612142
695	0.1232325162
696	0.123218005
697	0.1231720807
698	0.1231462944
699	0.1231084403
700	0.123084682
701	0.1230725222
702	0.1230541189
703	0.1230160907
704	0.122990228
705	0.1229505353
706	0.1229281977
707	0.1228897627
708	0.1228616849
709	0.122798016
710	0.1227814246
711	0.122767133
712	0.1227440382
713	0.1227161456
714	0.1226885529
715	0.1226739162
716	0.1226480543
717	0.122621434
718	0.1225898118
719	0.1225603057
720	0.1225418108
721	0.1225095061
722	0.1224905283
723	0.1224688182
724	0.1224413724
725	0.1224124474
726	0.1223889632
727	0.1223602894
728	0.1223388774
729	0.1223052545
730	0.1222789373
731	0.1222515187
732	0.1222305649
733	0.1222129971
734	0.1221946752
735	0.1221799673
736	0.1221390138
737	0.1221101461
738	0.122081982
739	0.1220546161
740	0.1220302127
741	0.122007447
742	0.121969071
743	0.121929084
744	0.1219067337
745	0.1218752572
746	0.1218501497
747	0.121828441
748	0.1218087875
749	0.1217622343
750	0.1217370543
751	0.1217176012
752	0.1216914307
753	0.1216767576
754	0.1216528384
755	0.1216338569
756	0.1216191953
757	0.1216009665
758	0.1215762595
759	0.121558522
760	0.1215425265
761	0.1215173408
762	0.1215006781
763	0.1214887165
764	0.1214399459
765	0.1214218339
766	0.1213970048
767	0.1213721997
768	0.1213361314
769	0.121247607
770	0.1212258756
771	0.1212091407
772	0.121184351
773	0.1211645878
774	0.1211522449
775	0.1211324895
776	0.1211129641
777	0.121094417
778	0.1210793773
779	0.1210558534
780	0.1210380386
781	0.1210172503
782	0.1210036608
783	0.1209399245
784	0.1209049395
785	0.1208818962
786	0.1208588397
787	0.1208390789
788	0.1208161738
789	0.1207904651
790	0.1207563648
791	0.1207212101
792	0.1206681309
793	0.1206134541
794	0.1205977745
795	0.1205808581
796	0.1205632087
797	0.1205044546
798	0.1204609699
799	0.1204384215
800	0.1204200544
801	0.1204006806
802	0.1203829484
803	0.1203628984
804	0.1203461169
805	0.1203011872
806	0.1202880001
807	0.1202508136
808	0.1202290756
809	0.1202082598
810	0.1201946678
811	0.1201681709
812	0.1201541414
813	0.1201395331
814	0.1201208818
815	0.1200937607
816	0.1200707604
817	0.1200518827
818	0.1200337703
819	0.1200103575
820	0.1199931972
821	0.1199771268
822	0.1199542643
823	0.1199348479
824	0.1199122427
825	0.1198954844
826	0.1198542742
827	0.1198339401
828	0.1198204447
829	0.1198065451
830	0.1197825498
831	0.1197638697
832	0.1197473909
833	0.1197232501
834	0.1197000494
835	0.1196854085
836	0.1196701723
837	0.1196499003
838	0.1196273684
839	0.1196112172
840	0.1195948548
841	0.1195770974
842	0.1195627606
843	0.1195461286
844	0.1195299812
845	0.119512905
846	0.119497507
847	0.1194867793
848	0.1194650521
849	0.1194493676
850	0.1194050065
851	0.119385832
852	0.1193780381
853	0.1193642192
854	0.1193410631
855	0.1193283301
856	0.1193126224
857	0.1192926902
858	0.1192624104
859	0.1192484044
860	0.1192291952
861	0.1192158437
862	0.119191843
863	0.1191784492
864	0.1191641341
865	0.1191501325
866	0.1191341124
867	0.1191158399
868	0.1190799672
869	0.1190658053
870	0.1190373287
871	0.1190039459
872	0.1189759083
873	0.11896363
874	0.1189457079
875	0.1189260252
876	0.11890171
877	0.1188860982
878	0.1188690913
879	0.1188551973
880	0.118842011
881	0.1188262775
882	0.1188102745
883	0.1187792204
884	0.1187550694
885	0.1187239216
886	0.1186983619
887	0.118687163
888	0.1186633726
889	0.1186458949
890	0.1186165869
891	0.1185948594
892	0.118574694
893	0.1185497442
894	0.1185285242
895	0.1185057345
896	0.1184869529
897	0.1184554701
898	0.1184340466
899	0.1183832263
900	0.1183691965
901	0.1183542529
902	0.1183389702
903	0.1183255845
904	0.1183120516
905	0.1182940598
906	0.1182766735
907	0.118261588
908	0.1182353974
909	0.1181935503
910	0.1181776301
911	0.1181590242
912	0.1180974596
913	0.1180846824
914	0.1180605933
915	0.118052254
916	0.1180192388
917	0.1180004605
918	0.1179889407
919	0.1179681683
920	0.1179500274
921	0.1179398552
922	0.1178962522
923	0.1178653566
924	0.117852832
925	0.1178373136
926	0.1178282292
927	0.117803829
928	0.117790623
929	0.1177725671
930	0.1177389763
931	0.1177261729
932	0.1176895091
933	0.1176754936
934	0.1176566524
935	0.1176430799
936	0.1176248047
937	0.1176006237
938	0.1175868639
939	0.1175710572
940	0.1175466459
941	0.1175344445
942	0.1175079531
943	0.1174850022
944	0.1174722333
945	0.1174487513
946	0.1174170386
947	0.1173942778
948	0.1173733879
949	0.1173553069
950	0.1173395375
951	0.1173213854
952	0.1173029649
953	0.1172923966
954	0.1172817603
955	0.1172662317
956	0.1172458736
957	0.1172287291
958	0.1172040141
959	0.1171936664
960	0.1171800928
961	0.1171648349
962	0.117149336
963	0.1171370607
964	0.1171266626
965	0.1171118267
966	0.1171009325
967	0.1170763843
968	0.1170639055
969	0.117050392
970	0.1170355949
971	0.1170207345
972	0.1169883935
973	0.1169580989
974	0.1169430154
975	0.1169187619
976	0.1168993088
977	0.1168896665
978	0.1168783034
979	0.1168645439
980	0.1168456741
981	0.1168171023
982	0.1168066402
983	0.1167972517
984	0.1167803376
985	0.1167644768
986	0.1167359037
987	0.1167202376
988	0.1167036375
989	0.116683095
990	0.1166683821
991	0.116648283
992	0.1166382098
993	0.1166123951
994	0.1166002552
995	0.1165797713
996	0.1165493982
997	0.1165278383
998	0.1164988378
999	0.1164831953
1000	0.1164590654
1001	0.1164466652
1002	0.1164287807
1003	0.1163863972
1004	0.1163722584
1005	0.1163536354
1006	0.1163385814
1007	0.1163293319
1008	0.1163168142
1009	0.1163067349
1010	0.1162959379
1011	0.1162823272
1012	0.1162735131
1013	0.1162498149
1014	0.1162350088
1015	0.1162211654
1016	0.1161897905
1017	0.1161776652
1018	0.1161524609
1019	0.1161262096
1020	0.1161100296
1021	0.1160974976
1022	0.1160865967
1023	0.1160789675
1024	0.1160458419
1025	0.1160240999
1026	0.1160161099
1027	0.1159937904
1028	0.1159484807
1029	0.1159354931
1030	0.115918905
1031	0.1158759927
1032	0.1158663039
1033	0.1158535209
1034	0.1158290969
1035	0.1158116007
1036	0.1157989192
1037	0.1157863226
1038	0.1157784889
1039	0.1157453467
1040	0.115724055
1041	0.1157105368
1042	0.1156947702
1043	0.1156466631
1044	0.1156351691
1045	0.1156196472
1046	0.1155904226
1047	0.1155793509
1048	0.1155703711
1049	0.115541604
1050	0.115528934
1051	0.1155146004
1052	0.1154968405
1053	0.1154858894
1054	0.1154702617
1055	0.1154352185
1056	0.1154118807
1057	0.1154025197
1058	0.1153579733
1059	0.1153391888
1060	0.1153103201
1061	0.115294644
1062	0.1152719589
1063	0.1152597496
1064	0.1152385857
1065	0.1152050251
1066	0.1151574935
1067	0.1151483453
1068	0.1151088963
1069	0.115099598
1070	0.1150728809
1071	0.1150456215
1072	0.1150091174
1073	0.1149993052
1074	0.1149669043
1075	0.1149469684
1076	0.1149159897
1077	0.1148995737
1078	0.1148604393
1079	0.1148510758
1080	0.1148262441
1081	0.1147865501
1082	0.1147714806
1083	0.1147592752
1084	0.1147453562
1085	0.1147185664
1086	0.1147040364
1087	0.1146897978
1088	0.1146760253
1089	0.114664872
1090	0.1146527528
1091	0.1146355087
1092	0.1146239115
1093	0.1146128306
1094	0.1146018787
1095	0.1145867009
1096	0.1145739179
1097	0.1145558735
1098	0.1145434387
1099	0.1145245663
1100	0.1145065019
1101	0.1144882369
1102	0.1144763227
1103	0.1144417507
1104	0.1144307957
1105	0.1144091996
1106	0.1143956034
1107	0.114385685
1108	0.1143734215
1109	0.1143548246
1110	0.1143417427
1111	0.1143242397
1112	0.11430922
1113	0.1142957235
1114	0.1142825711
1115	0.1142602128
1116	0.1142459284
1117	0.1142258469
1118	0.1142165006
1119	0.1141959611
1120	0.1141749209
1121	0.1141612935
1122	0.1141389385
1123	0.1141173052
1124	0.1141073192
1125	0.1140877952
1126	0.1140757953
1127	0.1140609039
1128	0.1140493415
1129	0.1140226888
1130	0.1140046409
1131	0.1139896893
1132	0.1139746264
1133	0.1139570296
1134	0.1139444102
1135	0.1139275138
1136	0.1139170991
1137	0.1139066754
1138	0.1138900047
1139	0.1138373182
1140	0.1138085861
1141	0.1137884019
1142	0.1137724096
1143	0.1137589864
1144	0.1137489477
1145	0.1137382583
1146	0.1137240757
1147	0.1137075124
1148	0.1136988027
1149	0.113684835
1150	0.1136709964
1151	0.1136370909
1152	0.1136217191
1153	0.1136093002
1154	0.1135937964
1155	0.1135863629
1156	0.1135722838
1157	0.1135578012
1158	0.1135458523
1159	0.1135279196
1160	0.1135173301
1161	0.1134996252
1162	0.1134907318
1163	0.1134712506
1164	0.1134627222
1165	0.1134401758
1166	0.1134283434
1167	0.113411816
1168	0.113399015
1169	0.1133860732
1170	0.1133628049
1171	0.113348941
1172	0.1133344161
1173	0.1133247139
1174	0.1132797814
1175	0.1132675093
1176	0.1132509929
1177	0.113228092
1178	0.1132119104
1179	0.1132036864
1180	0.1131913763
1181	0.1131768528
1182	0.1131673699
1183	0.1131560534
1184	0.1131309401
1185	0.1131206453
1186	0.1130955013
1187	0.1130689837
1188	0.113044368
1189	0.1130217739
1190	0.1130112166
1191	0.1129925315
1192	0.1129843858
1193	0.112969574
1194	0.1129633537
1195	0.1129497695
1196	0.1129336808
1197	0.1129169264
1198	0.1128822455
1199	0.112861453
1200	0.1128479685
1201	0.1128300686
1202	0.1128153552
1203	0.1128064144
1204	0.112796756
1205	0.1127817716
1206	0.1127733216
1207	0.1127604184
1208	0.112740717
1209	0.112734657
1210	0.1127250174
1211	0.1127085748
1212	0.1127002904
1213	0.1126931553
1214	0.1126808309
1215	0.1126653711
1216	0.1126537208
1217	0.1126458766
1218	0.1126350922
1219	0.1126268439
1220	0.1125942179
1221	0.112576426
1222	0.1125633812
1223	0.112550888
1224	0.112537638
1225	0.1125223985
1226	0.1125146759
1227	0.1125076984
1228	0.112495116
1229	0.1124783072
1230	0.1124557514
1231	0.1124502573
1232	0.1124359555
1233	0.112406025
1234	0.1123977486
1235	0.1123759593
1236	0.1123557339
1237	0.112345673
1238	0.1123348112
1239	0.1123163988
1240	0.1123045098
1241	0.1122858142
1242	0.1122750779
1243	0.1122589628
1244	0.1122472908
1245	0.1122391112
1246	0.1122217421
1247	0.1122093525
1248	0.1121959883
1249	0.1121829778
1250	0.1121747092
1251	0.1121665218
1252	0.1121439439
1253	0.1121375202
1254	0.1121176672
1255	0.1121069192
1256	0.1120994658
1257	0.1120858761
1258	0.1120704367
1259	0.1120541805
1260	0.112040957
1261	0.112010305
1262	0.1119996813
1263	0.1119852498
1264	0.1119657725
1265	0.111948977
1266	0.1119389327
1267	0.1119265725
1268	0.1119108042
1269	0.1118493516
1270	0.1118405757
1271	0.1118224221
1272	0.11180606
1273	0.1117955539
1274	0.1117838882
1275	0.1117303457
1276	0.1117220802
1277	0.1117069715
1278	0.1116932257
1279	0.1116848937
1280	0.1116709254
1281	0.1116310257
1282	0.1116200736
1283	0.111610082
1284	0.1115898637
1285	0.1115727799
1286	0.1115532072
1287	0.1115344305
1288	0.1115207313
1289	0.1115009774
1290	0.111486645
1291	0.1114792423
1292	0.1114678795
1293	0.1114536863
1294	0.1114427039
1295	0.1114384024
1296	0.111425808
1297	0.1114112667
1298	0.1113982571
1299	0.1113879222
1300	0.1113783244
1301	0.1113620369
1302	0.1113534717
1303	0.1113341182
1304	0.111322533
1305	0.1113098987
1306	0.1112956722
1307	0.1112849552
1308	0.1112763635
1309	0.1112668196
1310	0.1112563442
1311	0.1112418144
1312	0.1112324041
1313	0.1112159159
1314	0.1112070082
1315	0.1111984017
1316	0.1111855359
1317	0.111126707
1318	0.1110880477
1319	0.1110779839
1320	0.1110628864
1321	0.1110502948
1322	0.1110393672
1323	0.1110294886
1324	0.1110118658
1325	0.111001999
1326	0.1109879064
1327	0.1109767369
1328	0.1109549722
1329	0.1109427547
1330	0.1109356088
1331	0.1109181995
1332	0.1109061345
1333	0.1108920318
1334	0.1108713228
1335	0.1108535702
1336	0.1108384741
1337	0.1107957858
1338	0.1107888642
1339	0.1107808747
1340	0.1107669884
1341	0.1107493584
1342	0.1107300213
1343	0.1107200665
1344	0.1107132429
1345	0.1106934287
1346	0.1106778574
1347	0.1106648403
1348	0.1106584165
1349	0.1106525842
1350	0.1106426666
1351	0.1106321382
1352	0.110617985
1353	0.1106066432
1354	0.1105877029
1355	0.1105812268
1356	0.1105703955
1357	0.1105570203
1358	0.1105452965
1359	0.1105258343
1360	0.1104999628
1361	0.1104811021
1362	0.1104693418
1363	0.110456235
1364	0.1104174219
1365	0.1103914095
1366	0.1103759564
1367	0.110358061
1368	0.1103501444
1369	0.1103411004
1370	0.1103249897
1371	0.11031363
1372	0.110289032
1373	0.1102676591
1374	0.1102576636
1375	0.1102492693
1376	0.1102400799
1377	0.1102340829
1378	0.1102257811
1379	0.1102187681
1380	0.1102070212
1381	0.1101867119
1382	0.1101701765
1383	0.1101535095
1384	0.1101375146
1385	0.1101200077
1386	0.1100767273
1387	0.1100666414
1388	0.1100554503
1389	0.1100447595
1390	0.1100315631
1391	0.1100212694
1392	0.1099952856
1393	0.1099762709
1394	0.1099633558
1395	0.1099275734
1396	0.109918815
1397	0.109907462
1398	0.1098845286
1399	0.1098769246
1400	0.1098677815
1401	0.1098474238
1402	0.1098374612
1403	0.1098316384
1404	0.1098110446
1405	0.109799733
1406	0.1097921227
1407	0.109770227
1408	0.1097593379
1409	0.1097495717
1410	0.1097353779
1411	0.1097199131
1412	0.1097116195
1413	0.1096992336
1414	0.1096932088
1415	0.1096831899
1416	0.1096644431
1417	0.1096591165
1418	0.1096341636
1419	0.109626794
1420	0.1096091142
1421	0.1095962069
1422	0.1095773593
1423	0.1095651514
1424	0.109553015
1425	0.1095464907
1426	0.109535346
1427	0.1095272631
1428	0.1095158596
1429	0.1095061966
1430	0.1095006842
1431	0.1094906438
1432	0.1094820186
1433	0.1094590157
1434	0.1094482462
1435	0.109432944
1436	0.1094138028
1437	0.1094003448
1438	0.1093934325
1439	0.109383613
1440	0.1093664
1441	0.1093557474
1442	0.1093338951
1443	0.1093280055
1444	0.1093134666
1445	0.1093021752
1446	0.1092940814
1447	0.1092626578
1448	0.1092510645
1449	0.1092381431
1450	0.1092286949
1451	0.1092130432
1452	0.1091903764
1453	0.1091659816
1454	0.1091469295
1455	0.1091350349
1456	0.1091191115
1457	0.109113362
1458	0.1091042712
1459	0.109093456
1460	0.1090857517
1461	0.1090720505
1462	0.1090583138
1463	0.1090508575
1464	0.1090312587
1465	0.1090141584
1466	0.1090084173
1467	0.1089902513
1468	0.1089807842
1469	0.108973996
1470	0.1089656745
1471	0.1089559256
1472	0.1089412654
1473	0.1089237878
1474	0.1089108633
1475	0.1089035303
1476	0.108889225
1477	0.1088730319
1478	0.1088658107
1479	0.1088545625
1480	0.1088313695
1481	0.1088138449
1482	0.1088010345
1483	0.1087959289
1484	0.1087847252
1485	0.108774119
1486	0.1087655666
1487	0.1087569617
1488	0.1087465692
1489	0.1087401352
1490	0.1087342587
1491	0.1087152417
1492	0.1086978153
1493	0.1086915068
1494	0.1086849338
1495	0.1086648722
1496	0.1086565245
1497	0.1086391497
1498	0.1086318348
1499	0.1085915551
1500	0.1085840839
1501	0.1085749628
1502	0.1085600137
1503	0.1085508712
1504	0.1085271854
1505	0.108517252
1506	0.1085089087
1507	0.1084980762
1508	0.1084914489
1509	0.1084636062
1510	0.1084570381
1511	0.1084379948
1512	0.108422016
1513	0.1084097377
1514	0.1083958594
1515	0.1083855953
1516	0.1083730699
1517	0.1083643849
1518	0.108331139
1519	0.1083201155
1520	0.1083107049
1521	0.1083016834
1522	0.108284604
1523	0.1082664015
1524	0.1082581174
1525	0.108248508
1526	0.1082413733
1527	0.1082350227
1528	0.1082207762
1529	0.1082136687
1530	0.1081999618
1531	0.1081845786
1532	0.1081773839
1533	0.1081526595
1534	0.1081439286
1535	0.1081380579
1536	0.1081174213
1537	0.1081111784
1538	0.1080872251
1539	0.1080724874
1540	0.1080629516
1541	0.1080568325
1542	0.108050019
1543	0.1080291749
1544	0.1080178619
1545	0.10801018
1546	0.1079964622
1547	0.1079892522
1548	0.1079663041
1549	0.1079529102
1550	0.1079454267
1551	0.1079196764
1552	0.1079114907
1553	0.1079015522
1554	0.107894153
1555	0.1078816181
1556	0.1078664667
1557	0.1078576416
1558	0.1078438912
1559	0.1078206995
1560	0.1078129181
1561	0.1078024205
1562	0.1077912145
1563	0.1077626738
1564	0.1077481567
1565	0.107741352
1566	0.107734546
1567	0.1077204359
1568	0.107691989
1569	0.1076801938
1570	0.1076644009
1571	0.1076530935
1572	0.1076352204
1573	0.1076131911
1574	0.1075992908
1575	0.1075835314
1576	0.1075586009
1577	0.1075522846
1578	0.1075402588
1579	0.1075340953
1580	0.1075255028
1581	0.1075049902
1582	0.1074898911
1583	0.1074804558
1584	0.1074738017
1585	0.1074688046
1586	0.1074542099
1587	0.1074496909
1588	0.1074392056
1589	0.107432371
1590	0.107426792
1591	0.1074110437
1592	0.1074052727
1593	0.1073969864
1594	0.1073893533
1595	0.1073840688
1596	0.1073769983
1597	0.1073574629
1598	0.1073472023
1599	0.1073393938
1600	0.1073307964
1601	0.1073173411
1602	0.1073089747
1603	0.1072969676
1604	0.1072872325
1605	0.1072796771
1606	0.1072704654
1607	0.1072496309
1608	0.1072341292
1609	0.107217455
1610	0.107207534
1611	0.107198246
1612	0.1071909895
1613	0.1071844491
1614	0.1071796196
1615	0.1071744042
1616	0.1071562961
1617	0.1071507012
1618	0.1071334363
1619	0.1071266196
1620	0.107120788
1621	0.1071139886
1622	0.1071067569
1623	0.1070998628
1624	0.1070883751
1625	0.1070815354
1626	0.1070615989
1627	0.1070332573
1628	0.1070259027
1629	0.1070036631
1630	0.1069973901
1631	0.1069758448
1632	0.1069557689
1633	0.106946479
1634	0.1069401314
1635	0.1069284324
1636	0.1069160501
1637	0.1069068342
1638	0.1068951266
1639	0.1068838722
1640	0.1068749753
1641	0.1068656809
1642	0.106848207
1643	0.1068431962
1644	0.1068319119
1645	0.1068240964
1646	0.1068145267
1647	0.1068089421
1648	0.1068028856
1649	0.1067867777
1650	0.1067745923
1651	0.1067669622
1652	0.1067593589
1653	0.1067518396
1654	0.1067403993
1655	0.1067308598
1656	0.106702562
1657	0.1066941262
1658	0.1066701685
1659	0.1066632703
1660	0.1066572599
1661	0.1066324668
1662	0.1066093653
1663	0.1066022962
1664	0.1065956962
1665	0.1065864171
1666	0.1065787434
1667	0.1065663579
1668	0.106561424
1669	0.1065557944
1670	0.1065474587
1671	0.1065401143
1672	0.1065210156
1673	0.1065164641
1674	0.1065011798
1675	0.1064828867
1676	0.106473718
1677	0.1064675937
1678	0.1064579575
1679	0.1064449547
1680	0.1064356583
1681	0.1064300196
1682	0.1064151135
1683	0.1064083816
1684	0.1064038843
1685	0.1063765287
1686	0.106362771
1687	0.1063447344
1688	0.1063291871
1689	0.1063114763
1690	0.1063055931
1691	0.1062915346
1692	0.1062837948
1693	0.1062749794
1694	0.1062658688
1695	0.1062566404
1696	0.1062342412
1697	0.1062180037
1698	0.1062037727
1699	0.1061961419
1700	0.1061793516
1701	0.1061718578
1702	0.1061564726
1703	0.1061504938
1704	0.1061441319
1705	0.106115587
1706	0.1061083367
1707	0.1060955087
1708	0.1060869427
1709	0.1060790209
1710	0.106074503
1711	0.1060653379
1712	0.1060549934
1713	0.106044515
1714	0.1060400302
1715	0.1060328159
1716	0.1060260402
1717	0.1060208182
1718	0.1060161022
1719	0.1059977844
1720	0.1059807818
1721	0.1059697803
1722	0.1059550482
1723	0.1059374285
1724	0.1059282193
1725	0.1059118469
1726	0.1059058583
1727	0.1058893829
1728	0.1058709067
1729	0.1058639958
1730	0.1058297727
1731	0.1058232632
1732	0.1058014374
1733	0.10579359
1734	0.1057862033
1735	0.1057761583
1736	0.1057704862
1737	0.1057531542
1738	0.1057475889
1739	0.105742341
1740	0.1057374792
1741	0.1057309903
1742	0.1057207235
1743	0.1057146016
1744	0.1056963446
1745	0.1056868443
1746	0.1056573278
1747	0.1056501537
1748	0.1056405189
1749	0.1056303531
1750	0.1056221398
1751	0.1056167138
1752	0.1056120458
1753	0.1055960763
1754	0.1055477691
1755	0.1055248268
1756	0.105521542
1757	0.10551591
1758	0.105508328
1759	0.1055018266
1760	0.1054916005
1761	0.1054846615
1762	0.1054794358
1763	0.1054599139
1764	0.1054453526
1765	0.1054405784
1766	0.1054344921
1767	0.1054295553
1768	0.105422786
1769	0.1054158382
1770	0.1054111977
1771	0.1054020071
1772	0.1053859945
1773	0.1053787412
1774	0.1053718209
1775	0.1053618542
1776	0.1053459885
1777	0.1053337749
1778	0.1053300198
1779	0.1053179108
1780	0.1053015922
1781	0.1052759929
1782	0.1052621801
1783	0.1052537888
1784	0.1052428848
1785	0.1052276746
1786	0.1052122848
1787	0.1051964027
1788	0.1051876309
1789	0.1051826386
1790	0.1051759952
1791	0.1051553132
1792	0.1051388396
1793	0.1051177145
1794	0.1050945142
1795	0.1050849598
1796	0.1050798735
1797	0.1050763281
1798	0.1050655625
1799	0.1050578759
1800	0.1050324438
1801	0.1050206922
1802	0.1050061058
1803	0.1049978067
1804	0.1049805459
1805	0.1049723048
1806	0.1049649476
1807	0.1049540333
1808	0.1049401267
1809	0.1049294371
1810	0.1049193776
1811	0.1049126361
1812	0.1049059188
1813	0.1048979954
1814	0.1048939661
1815	0.1048903437
1816	0.1048846287
1817	0.1048719831
1818	0.1048620846
1819	0.1048547852
1820	0.1048415044
1821	0.1048351264
1822	0.1048193836
1823	0.1048128593
1824	0.1048015966
1825	0.1047800178
1826	0.1047729046
1827	0.1047596162
1828	0.1047539942
1829	0.1047483662
1830	0.1047412991
1831	0.1047183516
1832	0.1047142959
1833	0.1047027868
1834	0.1046967185
1835	0.1046872021
1836	0.10467647
1837	0.1046654201
1838	0.104657642
1839	0.104647043
1840	0.1046400403
1841	0.1046214906
1842	0.1046159369
1843	0.1046076955
1844	0.104600327
1845	0.1045872881
1846	0.104566137
1847	0.1045516335
1848	0.1045268331
1849	0.1045213992
1850	0.104504153
1851	0.1044923866
1852	0.1044723229
1853	0.1044648819
1854	0.1044508866
1855	0.1044404591
1856	0.1044313021
1857	0.104423301
1858	0.1044120458
1859	0.1043996367
1860	0.1043912268
1861	0.1043847514
1862	0.1043694961
1863	0.1043605848
1864	0.104323072
1865	0.1043172534
1866	0.1043104964
1867	0.1042987384
1868	0.1042908256
1869	0.1042846165
1870	0.1042765727
1871	0.1042674906
1872	0.1042578684
1873	0.1042346005
1874	0.1042220569
1875	0.1042063263
1876	0.1042018298
1877	0.1041953608
1878	0.1041875446
1879	0.1041781991
1880	0.1041701299
1881	0.1041601396
1882	0.1041478062
1883	0.104144642
1884	0.1041384449
1885	0.1041333003
1886	0.1041286285
1887	0.1041213593
1888	0.1041150872
1889	0.1041077566
1890	0.1040697771
1891	0.1040647849
1892	0.1040587943
1893	0.1040488924
1894	0.1040368624
1895	0.1040243624
1896	0.1040155099
1897	0.1039995701
1898	0.1039923498
1899	0.1039747585
1900	0.1039625454
1901	0.1039427178
1902	0.1039359514
1903	0.1039234289
1904	0.1039096075
1905	0.1038991893
1906	0.1038886123
1907	0.1038814788
1908	0.1038682472
1909	0.103860372
1910	0.1038559436
1911	0.1038515883
1912	0.1038471917
1913	0.1038420567
1914	0.1038317891
1915	0.103822983
1916	0.1038160484
1917	0.103807353
1918	0.1037702189
1919	0.1037662751
1920	0.1037620941
1921	0.1037560993
1922	0.1037344155
1923	0.103731226
1924	0.1037237957
1925	0.1037199324
1926	0.1037019788
1927	0.1036927691
1928	0.1036840205
1929	0.1036645957
1930	0.1036534295
1931	0.1036422465
1932	0.1036311138
1933	0.1036123329
1934	0.1035962944
1935	0.103585431
1936	0.1035732666
1937	0.103565067
1938	0.103554982
1939	0.1035467378
1940	0.103541817
1941	0.1035324132
1942	0.103498041
1943	0.1034944921
1944	0.1034706864
1945	0.1034622638
1946	0.1034569333
1947	0.1034492896
1948	0.1034364152
1949	0.1034276281
1950	0.1034202038
1951	0.1034076533
1952	0.103400507
1953	0.103392079
1954	0.1033778925
1955	0.1033658848
1956	0.1033542969
1957	0.1033478622
1958	0.1033268544
1959	0.1033150546
1960	0.1033015852
1961	0.1032832478
1962	0.1032706266
1963	0.1032637908
1964	0.1032517181
1965	0.1032483959
1966	0.1032260176
1967	0.1032119533
1968	0.1031986404
1969	0.1031908639
1970	0.1031828044
1971	0.1031717903
1972	0.1031689841
1973	0.1031642099
1974	0.1031478045
1975	0.1031411652
1976	0.1031230597
1977	0.1031152422
1978	0.1031032289
1979	0.1030932484
1980	0.1030738907
1981	0.1030635917
1982	0.1030587964
1983	0.1030512817
1984	0.1030444416
1985	0.1030401092
1986	0.1030337382
1987	0.1030265913
1988	0.1030173068
1989	0.1030092282
1990	0.1029996713
1991	0.1029835825
1992	0.1029787493
1993	0.1029683149
1994	0.1029597356
1995	0.1029524984
1996	0.1029347963
1997	0.1029263058
1998	0.1029212438
1999	0.1029129314
2000	0.1029043949
2001	0.1028978357
2002	0.1028892156
2003	0.1028818699
2004	0.1028710983
2005	0.1028632432
2006	0.1028531158
2007	0.1028472464
2008	0.1028258098
2009	0.1028180801
2010	0.1028013197
2011	0.1027935646
2012	0.10278885
2013	0.102774578
2014	0.1027647871
2015	0.1027556689
2016	0.1027476753
2017	0.1027398217
2018	0.1027322359
2019	0.1027288786
2020	0.1027175682
2021	0.1027054743
2022	0.1027012694
2023	0.1026907865
2024	0.1026834253
2025	0.102679873
2026	0.1026577091
2027	0.102649772
2028	0.102636806
2029	0.1026224352
2030	0.1026121021
2031	0.1025885576
2032	0.1025664198
2033	0.1025621415
2034	0.1025491997
2035	0.1025441277
2036	0.1025385055
2037	0.1025307468
2038	0.1025263735
2039	0.1025209006
2040	0.1025163414
2041	0.1025086324
2042	0.1024958206
2043	0.1024899862
2044	0.1024818717
2045	0.102465292
2046	0.1024488944
2047	0.1024385233
2048	0.1024342333
2049	0.1024183012
2050	0.1024098283
2051	0.1023975851
2052	0.1023911307
2053	0.102386591
2054	0.1023775122
2055	0.1023700314
2056	0.1023628108
2057	0.1023574632
2058	0.1023463642
2059	0.1023414805
2060	0.1023291008
2061	0.1023126726
2062	0.1023096992
2063	0.1022872718
2064	0.102278924
2065	0.1022727761
2066	0.1022660469
2067	0.1022609578
2068	0.1022489156
2069	0.1022378101
2070	0.1022313681
2071	0.1022249016
2072	0.1022149014
2073	0.1022058127
2074	0.1021992804
2075	0.1021889308
2076	0.1021789041
2077	0.1021685514
2078	0.1021617812
2079	0.1021529338
2080	0.1021469805
2081	0.1021383618
2082	0.1021297489
2083	0.1021138607
2084	0.1021075376
2085	0.1020735042
2086	0.1020622976
2087	0.1020543089
2088	0.1020492038
2089	0.1020398408
2090	0.1020240762
2091	0.1020088596
2092	0.102001615
2093	0.1019979841
2094	0.1019865424
2095	0.1019772173
2096	0.1019714944
2097	0.1019598378
2098	0.1019512387
2099	0.1019462803
2100	0.1019426306
2101	0.1019263239
2102	0.1019181741
2103	0.1019042047
2104	0.1018978196
2105	0.1018928763
2106	0.1018896684
2107	0.1018645303
2108	0.1018583052
2109	0.1018528012
2110	0.1018474973
2111	0.1018417268
2112	0.1018195824
2113	0.1018074054
2114	0.1017974839
2115	0.101786792
2116	0.1017791985
2117	0.1017701317
2118	0.1017640738
2119	0.1017551043
2120	0.1017433189
2121	0.1017386858
2122	0.101728958
2123	0.1017148175
2124	0.1017019559
2125	0.1016914513
2126	0.1016820763
2127	0.1016718748
2128	0.1016645081
2129	0.1016548183
2130	0.1016387112
2131	0.1016339658
2132	0.1016243239
2133	0.1016129377
2134	0.1016026484
2135	0.1015925289
2136	0.1015837551
2137	0.1015779135
2138	0.1015727596
2139	0.101564653
2140	0.1015464701
2141	0.1015382633
2142	0.1015322026
2143	0.1015063633
2144	0.1014976726
2145	0.1014881888
2146	0.1014806631
2147	0.1014747413
2148	0.101468875
2149	0.1014526082
2150	0.1014502628
2151	0.1014412879
2152	0.1014317102
2153	0.1014277974
2154	0.1014111593
2155	0.1014066455
2156	0.1014005088
2157	0.1013970696
2158	0.1013915176
2159	0.1013814624
2160	0.1013742575
2161	0.1013578837
2162	0.1013334791
2163	0.10132924
2164	0.1013243919
2165	0.101316095
2166	0.1013064064
2167	0.1012977874
2168	0.1012826611
2169	0.101273381
2170	0.1012520819
2171	0.101244516
2172	0.101228024
2173	0.1012179646
2174	0.1012104469
2175	0.1011967829
2176	0.1011936802
2177	0.101186786
2178	0.1011792568
2179	0.1011717817
2180	0.1011678735
2181	0.1011392162
2182	0.1011228319
2183	0.1011187664
2184	0.1011137773
2185	0.1011032566
2186	0.1010988631
2187	0.1010784977
2188	0.1010706854
2189	0.1010489037
2190	0.1010453127
2191	0.1010406262
2192	0.1010355438
2193	0.1010261537
2194	0.1010212673
2195	0.1010125087
2196	0.1010095482
2197	0.1009934486
2198	0.1009859282
2199	0.1009778733
2200	0.100970125
2201	0.1009577677
2202	0.1009541654
2203	0.1009445136
2204	0.1009393249
2205	0.1009344766
2206	0.100929569
2207	0.1009180405
2208	0.1009074673
2209	0.1008968073
2210	0.1008909828
2211	0.1008837453
2212	0.1008769487
2213	0.1008619764
2214	0.1008535705
2215	0.1008412479
2216	0.1008288788
2217	0.1008234312
2218	0.100808757
2219	0.1007937609
2220	0.1007829378
2221	0.100775567
2222	0.1007650704
2223	0.1007546623
2224	0.1007455578
2225	0.1007369251
2226	0.100731913
2227	0.1007244756
2228	0.1007123138
2229	0.100696981
2230	0.1006893784
2231	0.1006864877
2232	0.1006631714
2233	0.1006438877
2234	0.1006290461
2235	0.1006195657
2236	0.1006087849
2237	0.1005974182
2238	0.1005879902
2239	0.1005759777
2240	0.1005703185
2241	0.1005623041
2242	0.1005523873
2243	0.1005425261
2244	0.1005342251
2245	0.1005288331
2246	0.1005167123
2247	0.1005126915
2248	0.1005040965
2249	0.1004927221
2250	0.1004807107
2251	0.1004666699
2252	0.1004564357
2253	0.1004526206
2254	0.1004455822
2255	0.1004348041
2256	0.1004256679
2257	0.1004176158
2258	0.1004098089
2259	0.1004034099
2260	0.1003973793
2261	0.1003912349
2262	0.1003876911
2263	0.1003784308
2264	0.100368269
2265	0.1003608027
2266	0.1003535114
2267	0.1003468074
2268	0.1003429956
2269	0.1003363789
2270	0.100315427
2271	0.1003033445
2272	0.1002988239
2273	0.1002860853
2274	0.1002769085
2275	0.1002654491
2276	0.1002591056
2277	0.1002528532
2278	0.1002387484
2279	0.1002230225
2280	0.1002182247
2281	0.1002113777
2282	0.1001991397
2283	0.100189433
2284	0.100182382
2285	0.100168683
2286	0.1001561946
2287	0.1001423418
2288	0.1001381657
2289	0.1001310194
2290	0.1001247215
2291	0.1001192254
2292	0.1001145294
2293	0.1001061196
2294	0.1000987809
2295	0.1000894935
2296	0.1000828786
2297	0.1000748072
2298	0.1000638286
2299	0.1000570158
2300	0.1000484927
2301	0.1000439434
2302	0.1000364725
2303	0.1000336063
2304	0.1000305704
2305	0.1000059642
2306	0.09999491459
2307	0.0999812931
2308	0.09997375796
2309	0.09996014625
2310	0.09995346298
2311	0.0999487635
2312	0.09993636488
2313	0.09992615848
2314	0.09992340587
2315	0.09991589715
2316	0.09990492833
2317	0.09989994877
2318	0.09988604789
2319	0.09987903357
2320	0.09987388611
2321	0.09986721654
2322	0.09986096784
2323	0.09985224851
2324	0.09984574031
2325	0.09983695408
2326	0.09981614221
2327	0.09980855547
2328	0.09980385398
2329	0.0997891266
2330	0.09978266022
2331	0.09977780622
2332	0.09977325751
2333	0.099762357
2334	0.09975676456
2335	0.09974264637
2336	0.09973779854
2337	0.09973052484
2338	0.0997203931
2339	0.09971561297
2340	0.09970436633
2341	0.09969101088
2342	0.09967654806
2343	0.09966585202
2344	0.09965904175
2345	0.09964514088
2346	0.09963180674
2347	0.09960972853
2348	0.09960387973
2349	0.09959630366
2350	0.09958656353
2351	0.09957917171
2352	0.09957666848
2353	0.0995706135
2354	0.09956108887
2355	0.09955897786
2356	0.09955462825
2357	0.09955037282
2358	0.09954010799
2359	0.09953314991
2360	0.09952802655
2361	0.09950679625
2362	0.09949716416
2363	0.09948379535
2364	0.09947025193
2365	0.09946658517
2366	0.0994607833
2367	0.09945621614
2368	0.09943705487
2369	0.09941429646
2370	0.09940648326
2371	0.09939518616
2372	0.09939004356
2373	0.09938325547
2374	0.09937691661
2375	0.09937422018
2376	0.09937006541
2377	0.0993614844
2378	0.09935195544
2379	0.09934099146
2380	0.09932437455
2381	0.09931871288
2382	0.0993139391
2383	0.09930580053
2384	0.09929498086
2385	0.09929082735
2386	0.09927198596
2387	0.09926635878
2388	0.09926213124
2389	0.09924749369
2390	0.09924310419
2391	0.09923591648
2392	0.09922142603
2393	0.09921735599
2394	0.09921010536
2395	0.09918685047
2396	0.09917776275
2397	0.09917253627
2398	0.09916892525
2399	0.09916462491
2400	0.09915703507
2401	0.0991514779
2402	0.09914384352
2403	0.09913805775
2404	0.09913090033
2405	0.0991264811
2406	0.09911766468
2407	0.09911161808
2408	0.09910915283
2409	0.09909879881
2410	0.09909196886
2411	0.09907948493
2412	0.0990685624
2413	0.09906387323
2414	0.0990584348
2415	0.0990489576
2416	0.09904650157
2417	0.09904209233
2418	0.09903261074
2419	0.09902357964
2420	0.09901939033
2421	0.09901457199
2422	0.09900005254
2423	0.09896051674
2424	0.09895530351
2425	0.09894648327
2426	0.09893914581
2427	0.09891694324
2428	0.09890584586
2429	0.09888352643
2430	0.09886522807
2431	0.09885988137
2432	0.09885392249
2433	0.09885069405
2434	0.09884450672
2435	0.09883813235
2436	0.09882795697
2437	0.09882213004
2438	0.09881446562
2439	0.09880997246
2440	0.09880612009
2441	0.09879740349
2442	0.09879173062
2443	0.09878936469
2444	0.09878464116
2445	0.09878061092
2446	0.09877617356
2447	0.09877314739
2448	0.09876716038
2449	0.09876418768
2450	0.09875363769
2451	0.09874163656
2452	0.09873534336
2453	0.09872767906
2454	0.09872508142
2455	0.09872134749
2456	0.09871630656
2457	0.09871237535
2458	0.09869073823
2459	0.09867874846
2460	0.09867118349
2461	0.09866085396
2462	0.09865056249
2463	0.09864873142
2464	0.09864313213
2465	0.09863910782
2466	0.09862972324
2467	0.09862479936
2468	0.0986056359
2469	0.09859308751
2470	0.09858986549
2471	0.09858115966
2472	0.09856931791
2473	0.09856682675
2474	0.09855815829
2475	0.09855516095
2476	0.09854950041
2477	0.09854192095
2478	0.09852863998
2479	0.09852153147
2480	0.09851873243
2481	0.09850708218
2482	0.09850042753
2483	0.09849536322
2484	0.09848693166
2485	0.09847615184
2486	0.09846808128
2487	0.09846308357
2488	0.09845817287
2489	0.09843773935
2490	0.09843359476
2491	0.09842765971
2492	0.09841876962
2493	0.09841245114
2494	0.09840799611
2495	0.09840353249
2496	0.09840043942
2497	0.09839663313
2498	0.09839231507
2499	0.09838762837
2500	0.09838262825
2501	0.09837159508
2502	0.09835959574
2503	0.09835435252
2504	0.09834920194
2505	0.09834592944
2506	0.09833992771
2507	0.09833783948
2508	0.09833108312
2509	0.09831888732
2510	0.09831473981
2511	0.09830954655
2512	0.09830532491
2513	0.09829796884
2514	0.09828737611
2515	0.09828353686
2516	0.0982746422
2517	0.09826350974
2518	0.09826025178
2519	0.09825721549
2520	0.09824654031
2521	0.09824169874
2522	0.09823465074
2523	0.09823004932
2524	0.09821863575
2525	0.09818949801
2526	0.09817976733
2527	0.09817440907
2528	0.09816926339
2529	0.09816368206
2530	0.09814821856
2531	0.09813541205
2532	0.09813361204
2533	0.09812948882
2534	0.09811805014
2535	0.09811263684
2536	0.09810823085
2537	0.09810281068
2538	0.09809038415
2539	0.09808217148
2540	0.09806757752
2541	0.09806444857
2542	0.09805559253
2543	0.09805133311
2544	0.09803672112
2545	0.09802291662
2546	0.09801541245
2547	0.09800182134
2548	0.0979919966
2549	0.09798323301
2550	0.09798118556
2551	0.09797219953
2552	0.09796617799
2553	0.09796151451
2554	0.0979331184
2555	0.09792874796
2556	0.09791501864
2557	0.09790839299
2558	0.09790280191
2559	0.09789808451
2560	0.09789286878
2561	0.09789000271
2562	0.09788824265
2563	0.09788118854
2564	0.09787660927
2565	0.09786653643
2566	0.09786121689
2567	0.09785393224
2568	0.09784962828
2569	0.09784600511
2570	0.09784417971
2571	0.09783837795
2572	0.09783259012
2573	0.09781606281
2574	0.09780630622
2575	0.09780178866
2576	0.09779781334
2577	0.0977907675
2578	0.09778814883
2579	0.09778564759
2580	0.09777716974
2581	0.09776976049
2582	0.09775049657
2583	0.09774078475
2584	0.09773844961
2585	0.09773644105
2586	0.09772905962
2587	0.09772287409
2588	0.09769277527
2589	0.09768575705
2590	0.09768097401
2591	0.09767576924
2592	0.09767145368
2593	0.0976671991
2594	0.09765618736
2595	0.09764729146
2596	0.09764222991
2597	0.09762766218
2598	0.09761784
2599	0.097610595
2600	0.09760164482
2601	0.0975964558
2602	0.09759160133
2603	0.09758760047
2604	0.09757470037
2605	0.09756881956
2606	0.09755462334
2607	0.09754078375
2608	0.09753706246
2609	0.09752776346
2610	0.09752453362
2611	0.09751683777
2612	0.09751465362
2613	0.09750867015
2614	0.09750595747
2615	0.09750354802
2616	0.09749823237
2617	0.09748938198
2618	0.09748463007
2619	0.09747114494
2620	0.09746464104
2621	0.09744584453
2622	0.09743749477
2623	0.09743219176
2624	0.09742118152
2625	0.09741746135
2626	0.09740788351
2627	0.09740585995
2628	0.09739986779
2629	0.09739697421
2630	0.09738954452
2631	0.09738579548
2632	0.0973787771
2633	0.09737218851
2634	0.09736819574
2635	0.09736413692
2636	0.09735714849
2637	0.09734968219
2638	0.09734609978
2639	0.09733367408
2640	0.09733035119
2641	0.09732459655
2642	0.09732010835
2643	0.09731552615
2644	0.09731053203
2645	0.09729820832
2646	0.09728694142
2647	0.09728319119
2648	0.09726765131
2649	0.09726016502
2650	0.09724148575
2651	0.0972367339
2652	0.09723368412
2653	0.09723001538
2654	0.09722294126
2655	0.09721544083
2656	0.097204357
2657	0.09719727996
2658	0.09719335025
2659	0.0971860593
2660	0.09718137504
2661	0.09717949087
2662	0.09717144964
2663	0.09716542858
2664	0.09715949015
2665	0.09714474899
2666	0.09713737871
2667	0.09713293074
2668	0.09712343812
2669	0.09711809865
2670	0.0971080842
2671	0.09709859429
2672	0.09709351664
2673	0.09708851365
2674	0.09708269809
2675	0.09708145578
2676	0.09707091978
2677	0.09705523539
2678	0.09704777762
2679	0.09703905875
2680	0.09702481631
2681	0.0970175155
2682	0.09701236132
2683	0.097006476
2684	0.09699905225
2685	0.09698777871
2686	0.09698545343
2687	0.09697985998
2688	0.09697570831
2689	0.09696363256
2690	0.09695522285
2691	0.09695088586
2692	0.09694509429
2693	0.09693981492
2694	0.09693556434
2695	0.09692987885
2696	0.09692199696
2697	0.09691955524
2698	0.09691162052
2699	0.09690690162
2700	0.09690444525
2701	0.09690077059
2702	0.0968956697
2703	0.096891287
2704	0.0968870684
2705	0.09687750115
2706	0.09687473484
2707	0.09686914747
2708	0.09686266017
2709	0.09685979671
2710	0.09684979682
2711	0.09684209355
2712	0.09683428884
2713	0.09682818902
2714	0.09681945006
2715	0.09681031404
2716	0.09679716783
2717	0.09678903653
2718	0.096783373
2719	0.09676864845
2720	0.09676408464
2721	0.09676202971
2722	0.09675563651
2723	0.09674546032
2724	0.09673661973
2725	0.09673355407
2726	0.09672904019
2727	0.09672196185
2728	0.09671615977
2729	0.096707381
2730	0.0967005842
2731	0.0966922977
2732	0.09668391836
2733	0.09667584718
2734	0.09667170274
2735	0.09666679374
2736	0.09666137592
2737	0.09665480549
2738	0.09664972885
2739	0.09663549456
2740	0.09662140705
2741	0.09661886334
2742	0.09660492431
2743	0.09659478309
2744	0.09659072485
2745	0.09657437105
2746	0.09655046129
2747	0.09654432586
2748	0.09653591173
2749	0.09653159556
2750	0.09652438416
2751	0.09651308652
2752	0.09650704476
2753	0.09649860183
2754	0.09648706281
2755	0.09647790904
2756	0.0964745013
2757	0.0964710791
2758	0.09646378301
2759	0.09645505529
2760	0.09645024501
2761	0.09644616325
2762	0.09644151565
2763	0.09643938987
2764	0.09643019079
2765	0.0964238317
2766	0.09641699668
2767	0.09641360442
2768	0.09640708008
2769	0.09640165062
2770	0.09639638804
2771	0.0963918512
2772	0.09638942241
2773	0.09638614794
2774	0.0963727905
2775	0.09636173352
2776	0.09635887437
2777	0.0963533392
2778	0.09634605989
2779	0.09633974146
2780	0.09633567216
2781	0.09632802744
2782	0.09630895453
2783	0.09630100294
2784	0.09629112276
2785	0.09628360406
2786	0.09627761591
2787	0.09627128667
2788	0.09626663039
2789	0.09626103936
2790	0.09625180013
2791	0.09624569137
2792	0.09623930641
2793	0.0962350027
2794	0.0962269373
2795	0.09622125657
2796	0.09621110722
2797	0.09620674546
2798	0.09620081298
2799	0.09619745147
2800	0.09619294244
2801	0.09618319601
2802	0.0961779182
2803	0.09616902565
2804	0.09616307104
2805	0.09615318662
2806	0.09614607121
2807	0.09613954878
2808	0.09612982202
2809	0.09611790081
2810	0.0961120611
2811	0.09610722338
2812	0.09610286265
2813	0.0960995567
2814	0.09608988015
2815	0.09608660258
2816	0.09608100605
2817	0.09606352996
2818	0.09605455376
2819	0.09604832053
2820	0.09604209505
2821	0.09603566404
2822	0.09603204998
2823	0.09602796088
2824	0.09602066768
2825	0.09601642719
2826	0.0960008232
2827	0.09599344087
2828	0.09597648498
2829	0.09596940684
2830	0.09595695674
2831	0.09594992058
2832	0.09594242433
2833	0.09593953997
2834	0.09593106944
2835	0.09592579103
2836	0.09591735252
2837	0.09590859427
2838	0.0958996115
2839	0.09589387603
2840	0.09589006313
2841	0.09588334927
2842	0.09588005748
2843	0.09586932952
2844	0.09586171177
2845	0.09585522149
2846	0.09584318029
2847	0.0958396288
2848	0.09583128405
2849	0.09582874942
2850	0.09582397705
2851	0.0958081378
2852	0.09579738309
2853	0.09579253046
2854	0.09577672325
2855	0.09577359483
2856	0.09577160201
2857	0.09576827384
2858	0.0957641798
2859	0.09575996895
2860	0.09575436841
2861	0.09575039284
2862	0.09574611869
2863	0.09573528792
2864	0.09573095475
2865	0.0957166459
2866	0.09570866475
2867	0.09570299867
2868	0.09568875886
2869	0.09568092203
2870	0.0956719109
2871	0.09566568529
2872	0.09565749236
2873	0.09565263744
2874	0.09564929882
2875	0.09564167816
2876	0.09563842118
2877	0.09562958808
2878	0.09562219654
2879	0.09561028515
2880	0.09560239375
2881	0.09559831707
2882	0.09559194397
2883	0.09558606226
2884	0.09558136029
2885	0.09557687422
2886	0.09557216122
2887	0.09555152582
2888	0.09554432657
2889	0.09553300624
2890	0.09552373411
2891	0.09551270412
2892	0.09550501505
2893	0.09549775707
2894	0.09548885972
2895	0.09548307614
2896	0.09547271289
2897	0.09545788943
2898	0.09544730405
2899	0.0954406634
2900	0.09542985236
2901	0.09542376365
2902	0.09541254718
2903	0.0954073083
2904	0.09540421485
2905	0.09539439201
2906	0.09537220557
2907	0.09536759841
2908	0.09536030617
2909	0.09535413452
2910	0.09534216039
2911	0.09533928237
2912	0.0953364464
2913	0.09533350196
2914	0.09533044478
2915	0.09531970876
2916	0.09530978948
2917	0.09529326251
2918	0.09528320709
2919	0.0952797087
2920	0.09527025939
2921	0.09526278581
2922	0.09525998344
2923	0.09524913137
2924	0.0952405434
2925	0.09523432455
2926	0.09523186637
2927	0.09520417429
2928	0.09519510728
2929	0.0951899536
2930	0.09517162434
2931	0.0951647541
2932	0.09515782876
2933	0.09515092443
2934	0.09514691648
2935	0.09513793436
2936	0.09512785123
2937	0.09511779568
2938	0.09511294003
2939	0.0951010454
2940	0.0950915518
2941	0.09507005802
2942	0.09506171508
2943	0.09505257245
2944	0.09503805856
2945	0.09502640003
2946	0.0950225877
2947	0.09501734929
2948	0.0950149147
2949	0.09500645161
2950	0.0949946029
2951	0.09498283924
2952	0.09497549752
2953	0.09496329443
2954	0.09495504967
2955	0.09495224378
2956	0.09494588719
2957	0.09493827233
2958	0.09493024663
2959	0.09492819194
2960	0.09492369053
2961	0.09491811025
2962	0.09491388415
2963	0.09490943845
2964	0.09489842499
2965	0.09489194452
2966	0.09487980432
2967	0.09487584423
2968	0.09487084688
2969	0.09486470728
2970	0.09485746952
2971	0.09485286556
2972	0.09483950823
2973	0.09483216888
2974	0.09482333656
2975	0.09481547194
2976	0.09481259171
2977	0.09480613888
2978	0.09479690418
2979	0.09478958963
2980	0.09478318441
2981	0.09477783839
2982	0.09477226816
2983	0.09476121127
2984	0.09475410754
2985	0.09474183421
2986	0.09473500862
2987	0.09472980758
2988	0.09472379226
2989	0.09472069638
2990	0.09471321503
2991	0.09470545248
2992	0.09470010708
2993	0.09469378209
2994	0.09468841838
2995	0.09468285698
2996	0.09468081505
2997	0.09467380348
2998	0.09466884309
2999	0.09466607606
3000	0.09466244267
3001	0.09465663831
3002	0.09464660577
3003	0.09463920584
3004	0.0946328255
3005	0.09461750677
3006	0.09461437727
3007	0.09461227611
3008	0.09460426897
3009	0.09459806267
3010	0.09459539016
3011	0.09458916146
3012	0.09458007467
3013	0.09456991601
3014	0.0945645952
3015	0.09454771174
3016	0.09453306292
3017	0.09452859782
3018	0.09452480309
3019	0.0945218946
3020	0.09450918873
3021	0.09450146689
3022	0.09448722366
3023	0.09448439641
3024	0.09447840622
3025	0.0944744073
3026	0.09445856553
3027	0.09445637106
3028	0.09445207018
3029	0.09444546524
3030	0.09443740935
3031	0.0944343193
3032	0.09442912331
3033	0.09441172365
3034	0.0944034975
3035	0.09439058691
3036	0.0943861054
3037	0.09436725599
3038	0.09436376366
3039	0.09435674829
3040	0.09435238347
3041	0.09434135266
3042	0.09432989263
3043	0.09431760117
3044	0.09430658055
3045	0.09429973966
3046	0.09429619699
3047	0.09428687382
3048	0.09427938257
3049	0.09427496239
3050	0.09427103804
3051	0.09426140208
3052	0.0942527603
3053	0.09425020072
3054	0.09423074107
3055	0.09422225286
3056	0.09421767155
3057	0.09421471085
3058	0.09420518745
3059	0.09420122453
3060	0.0941965067
3061	0.09419359633
3062	0.09418478722
3063	0.0941764501
3064	0.09417099313
3065	0.09416447529
3066	0.09416087841
3067	0.09414904959
3068	0.0941310053
3069	0.09412095003
3070	0.09411241855
3071	0.09410205985
3072	0.09409405763
3073	0.09409061096
3074	0.09407811191
3075	0.09407237573
3076	0.09406335271
3077	0.09406013823
3078	0.09405023912
3079	0.09404004556
3080	0.09403302183
3081	0.09401713664
3082	0.09401425424
3083	0.09401158556
3084	0.0940055146
3085	0.09400310231
3086	0.09399214684
3087	0.0939654322
3088	0.09395861694
3089	0.09395183563
3090	0.09394313974
3091	0.09393568011
3092	0.0939261086
3093	0.09391699763
3094	0.09391384526
3095	0.09390974297
3096	0.09389749895
3097	0.09389111569
3098	0.09388488254
3099	0.0938813702
3100	0.09387264843
3101	0.09386880835
3102	0.09386417418
3103	0.09385978325
3104	0.09385172454
3105	0.09384240187
3106	0.09383928809
3107	0.09382341468
3108	0.09381889571
3109	0.09381388325
3110	0.09380713109
3111	0.09380437264
3112	0.0937996044
3113	0.09378994459
3114	0.09378546636
3115	0.09376895024
3116	0.09376271097
3117	0.09375839377
3118	0.09375591049
3119	0.09374727201
3120	0.09374214667
3121	0.09373948019
3122	0.09373387032
3123	0.09372829896
3124	0.09372346612
3125	0.09370463393
3126	0.09370170776
3127	0.09369218858
3128	0.09368900024
3129	0.09368219605
3130	0.09367549744
3131	0.09366984443
3132	0.09366912721
3133	0.0936522456
3134	0.09364714837
3135	0.09364139742
3136	0.09363246875
3137	0.09361785399
3138	0.09360872553
3139	0.09360076752
3140	0.09359360669
3141	0.09358539829
3142	0.09358186475
3143	0.09357465657
3144	0.09356826146
3145	0.09356351226
3146	0.09355760119
3147	0.09355027721
3148	0.09354154048
3149	0.09353568765
3150	0.09353115933
3151	0.09351866558
3152	0.09350542302
3153	0.09349913121
3154	0.09349164409
3155	0.09347964316
3156	0.0934743808
3157	0.09346698488
3158	0.09346117351
3159	0.09345478591
3160	0.09344771913
3161	0.09344157863
3162	0.09343755232
3163	0.09342759057
3164	0.09342587282
3165	0.09342236606
3166	0.0934146069
3167	0.09341171236
3168	0.09340163184
3169	0.09338697611
3170	0.09337481509
3171	0.09337165917
3172	0.09336695799
3173	0.09336470862
3174	0.09334699501
3175	0.09334322955
3176	0.09333784486
3177	0.09332864305
3178	0.09332499909
3179	0.09331815885
3180	0.09331181423
3181	0.0933092972
3182	0.09330330222
3183	0.09329429871
3184	0.09329183542
3185	0.09328707636
3186	0.09328151197
3187	0.09327831854
3188	0.09327434823
3189	0.09326423163
3190	0.09326031213
3191	0.09325533101
3192	0.09325034487
3193	0.09324458723
3194	0.0932410095
3195	0.09323432984
3196	0.09322727038
3197	0.09321931025
3198	0.09321208619
3199	0.09320077111
3200	0.09318108536
3201	0.09317640082
3202	0.09316531557
3203	0.09316063032
3204	0.09315771167
3205	0.09315031464
3206	0.09312663101
3207	0.09312296718
3208	0.09311954024
3209	0.09311223038
3210	0.0931091565
3211	0.09310587196
3212	0.09309565154
3213	0.09309306
3214	0.09308676335
3215	0.09308324298
3216	0.09308115878
3217	0.09307541724
3218	0.0930690872
3219	0.09305985907
3220	0.09304201668
3221	0.0930397066
3222	0.09303382201
3223	0.09303085022
3224	0.09302373564
3225	0.0930105801
3226	0.09300544357
3227	0.09299922856
3228	0.09299130247
3229	0.09298681188
3230	0.0929816809
3231	0.092978584
3232	0.09296617781
3233	0.0929583937
3234	0.09295011732
3235	0.09294417063
3236	0.09293937586
3237	0.09293521287
3238	0.09293171747
3239	0.09292830453
3240	0.09292399271
3241	0.09291851238
3242	0.09291575684
3243	0.09290854836
3244	0.09290361692
3245	0.09289945237
3246	0.09289417574
3247	0.09288338655
3248	0.09287348698
3249	0.092865169
3250	0.09285708906
3251	0.0928503003
3252	0.09284377272
3253	0.09283563538
3254	0.09282947383
3255	0.09282408583
3256	0.09280412655
3257	0.0927987069
3258	0.09277267921
3259	0.0927669563
3260	0.09275747865
3261	0.0927550664
3262	0.09275019472
3263	0.09273676325
3264	0.09272899916
3265	0.09272499251
3266	0.0927150751
3267	0.09271359007
3268	0.0927088531
3269	0.09269911748
3270	0.09269122688
3271	0.09268297839
3272	0.09268004873
3273	0.09267013857
3274	0.09266455425
3275	0.09265630906
3276	0.09265312908
3277	0.09264760325
3278	0.09264324453
3279	0.09264035549
3280	0.09263353613
3281	0.09262715028
3282	0.09261278695
3283	0.09260346458
3284	0.09259866148
3285	0.09259104043
3286	0.0925810062
3287	0.09257818344
3288	0.09256432146
3289	0.09255884568
3290	0.09255582447
3291	0.09255070796
3292	0.09254733426
3293	0.0925402698
3294	0.09253671691
3295	0.09253281518
3296	0.0925202832
3297	0.09251640081
3298	0.09251111562
3299	0.09250707262
3300	0.09249705198
3301	0.09249114168
3302	0.09248348534
3303	0.09247835715
3304	0.09247254974
3305	0.09247090599
3306	0.0924575328
3307	0.09245356952
3308	0.09244194421
3309	0.09243498983
3310	0.09242642518
3311	0.09242034932
3312	0.0924182912
3313	0.09240386036
3314	0.09239760476
3315	0.09239357342
3316	0.09238711266
3317	0.09238431209
3318	0.09238166281
3319	0.0923787998
3320	0.09237313105
3321	0.09236543023
3322	0.09236298828
3323	0.09235793587
3324	0.09234698831
3325	0.09234283045
3326	0.09233653409
3327	0.09232659054
3328	0.0923223251
3329	0.09231554727
3330	0.0923105957
3331	0.09230270014
3332	0.09229425634
3333	0.09229034758
3334	0.092280942
3335	0.09226725854
3336	0.09226310094
3337	0.09225696552
3338	0.09225073556
3339	0.0922427657
3340	0.09223634771
3341	0.09222933206
3342	0.0922230599
3343	0.09221174471
3344	0.09220722583
3345	0.09220466473
3346	0.09219597278
3347	0.09218935452
3348	0.09217764105
3349	0.09216267479
3350	0.09215643159
3351	0.09215024506
3352	0.09213791446
3353	0.09213115975
3354	0.09212567703
3355	0.09212028298
3356	0.09211570091
3357	0.09211339991
3358	0.09211007564
3359	0.09210427788
3360	0.09210310227
3361	0.09209681295
3362	0.09209206793
3363	0.09208910779
3364	0.09207635488
3365	0.09207096307
3366	0.09206630227
3367	0.09205902078
3368	0.09205034891
3369	0.09204638313
3370	0.09203815248
3371	0.09203291243
3372	0.09202376749
3373	0.09200694063
3374	0.09200278633
3375	0.09199683523
3376	0.09199130545
3377	0.09196832184
3378	0.0919556366
3379	0.09195353471
3380	0.09194917498
3381	0.09194685598
3382	0.09194177764
3383	0.09193336682
3384	0.09193057433
3385	0.09191538401
3386	0.09190937443
3387	0.09190394833
3388	0.09190130083
3389	0.0918897579
3390	0.09187680131
3391	0.0918750061
3392	0.09186936417
3393	0.09186500023
3394	0.09185680922
3395	0.09185203509
3396	0.09184661034
3397	0.09184306482
3398	0.09183748837
3399	0.09183187027
3400	0.09182891282
3401	0.09181060368
3402	0.09180109426
3403	0.09179505879
3404	0.09178931333
3405	0.09178211651
3406	0.09177229135
3407	0.09176999773
3408	0.09176698003
3409	0.09175235125
3410	0.09174769417
3411	0.09174057298
3412	0.09172885055
3413	0.09172182526
3414	0.09170534678
3415	0.09169649424
3416	0.09168845211
3417	0.09167912843
3418	0.09167474863
3419	0.0916715889
3420	0.09166602862
3421	0.09165787138
3422	0.09165307333
3423	0.09164937714
3424	0.09164476352
3425	0.09164149138
3426	0.09163586995
3427	0.09162759724
3428	0.09162529646
3429	0.09161518379
3430	0.09160829305
3431	0.09160154591
3432	0.09159424408
3433	0.0915793664
3434	0.0915724128
3435	0.09156639442
3436	0.09156309984
3437	0.09155703582
3438	0.09154962877
3439	0.09154694193
3440	0.09153900324
3441	0.09153513037
3442	0.09152565486
3443	0.09152167621
3444	0.09150981117
3445	0.0915063596
3446	0.09150311348
3447	0.09148395014
3448	0.0914775508
3449	0.09146831345
3450	0.09146525765
3451	0.09145918777
3452	0.09144898329
3453	0.0914458542
3454	0.09144111661
3455	0.09143908635
3456	0.09143309047
3457	0.0914279055
3458	0.09142276305
3459	0.09141782226
3460	0.09140896574
3461	0.09139670408
3462	0.09139402951
3463	0.09138933852
3464	0.0913841489
3465	0.09136571983
3466	0.09135217187
3467	0.09134635738
3468	0.0913429469
3469	0.09133884141
3470	0.09132544899
3471	0.09131846764
3472	0.09131499661
3473	0.09130599426
3474	0.09129482976
3475	0.09128876789
3476	0.09128306783
3477	0.09127841025
3478	0.09127495458
3479	0.09127221884
3480	0.09126743521
3481	0.09125757978
3482	0.09125475039
3483	0.09124324851
3484	0.09123555826
3485	0.09123260896
3486	0.09122639405
3487	0.0912227136
3488	0.091218878
3489	0.09121561623
3490	0.09121327227
3491	0.09119612008
3492	0.09118397335
3493	0.0911803663
3494	0.0911745783
3495	0.09116919903
3496	0.09115974529
3497	0.09115785792
3498	0.09114741895
3499	0.0911428387
